Timestamp,Beta(deg),Alpha(deg),Depth_mm,PredDepth_mm,ActualHeight_mm,TargetDepth_mm,CmdHeight_mm,DepthError_mm
2026-05-14 16:27:27.599,0.868,2.324,0.00,NaN,NaN,-1,-1,NaN
2026-05-14 16:27:28.600,0.868,2.324,0.00,NaN,NaN,-1,-1,NaN
2026-05-14 16:27:29.601,0.868,2.296,0.00,NaN,NaN,-1,-1,NaN
2026-05-14 16:27:30.602,0.868,2.291,0.00,NaN,NaN,-1,-1,NaN
2026-05-14 16:27:31.603,0.873,2.302,0.00,NaN,NaN,-1,-1,NaN
2026-05-14 16:27:32.604,0.868,2.307,0.00,NaN,NaN,-1,-1,NaN
2026-05-14 16:27:33.605,0.868,2.313,0.00,NaN,NaN,-1,-1,NaN
2026-05-14 16:27:34.606,0.868,2.329,0.00,NaN,NaN,-1,-1,NaN
2026-05-14 16:27:35.609,0.868,2.318,0.00,NaN,NaN,-1,-1,NaN
2026-05-14 16:27:36.609,0.868,2.324,0.00,NaN,NaN,-1,-1,NaN
2026-05-14 16:27:37.610,0.862,2.329,0.00,NaN,NaN,-1,-1,NaN
2026-05-14 16:27:38.611,0.868,2.324,0.00,NaN,NaN,-1,-1,NaN
2026-05-14 16:27:39.612,0.868,2.324,0.00,NaN,NaN,-1,-1,NaN
2026-05-14 16:27:40.613,0.868,2.318,0.00,NaN,NaN,-1,-1,NaN
2026-05-14 16:27:41.614,0.868,2.313,0.00,NaN,NaN,-1,-1,NaN
2026-05-14 16:27:42.614,0.873,2.318,0.00,NaN,NaN,-1,-1,NaN
2026-05-14 16:27:43.615,0.868,2.313,0.00,NaN,NaN,-1,-1,NaN
2026-05-14 16:27:44.616,0.868,2.318,0.00,NaN,NaN,-1,-1,NaN
2026-05-14 16:27:45.617,0.868,2.313,0.00,NaN,NaN,-1,-1,NaN
2026-05-14 16:27:46.618,0.868,2.318,0.00,NaN,NaN,-1,-1,NaN
2026-05-14 16:27:47.618,0.868,2.313,0.00,NaN,NaN,-1,-1,NaN
2026-05-14 16:27:48.619,0.868,2.318,0.00,NaN,NaN,-1,-1,NaN
2026-05-14 16:27:49.621,0.868,2.318,0.00,NaN,NaN,-1,-1,NaN
2026-05-14 16:27:50.622,0.868,2.318,0.00,NaN,NaN,-1,-1,NaN
2026-05-14 16:27:51.622,0.873,2.313,0.00,NaN,NaN,-1,-1,NaN
2026-05-14 16:27:52.624,0.868,2.318,0.00,NaN,NaN,-1,-1,NaN
2026-05-14 16:27:53.624,0.868,2.307,0.00,NaN,NaN,-1,-1,NaN
2026-05-14 16:27:54.625,0.862,2.302,0.00,NaN,NaN,-1,-1,NaN
2026-05-14 16:27:55.626,0.862,2.302,0.00,NaN,NaN,-1,-1,NaN
2026-05-14 16:27:56.627,0.857,2.302,0.00,NaN,NaN,-1,-1,NaN
2026-05-14 16:27:57.629,0.851,2.296,0.00,NaN,NaN,-1,-1,NaN
2026-05-14 16:27:58.629,0.851,2.296,0.00,NaN,NaN,-1,-1,NaN
2026-05-14 16:27:59.630,0.851,2.302,0.00,NaN,NaN,-1,-1,NaN
2026-05-14 16:28:00.631,0.851,2.291,0.00,NaN,NaN,-1,-1,NaN
2026-05-14 16:28:01.632,0.857,2.307,0.00,NaN,NaN,-1,-1,NaN
2026-05-14 16:28:02.633,0.857,2.302,0.00,NaN,NaN,-1,-1,NaN
2026-05-14 16:28:03.635,0.857,2.302,0.00,NaN,NaN,-1,-1,NaN
2026-05-14 16:28:04.636,0.857,2.302,0.00,NaN,NaN,-1,-1,NaN
2026-05-14 16:28:05.637,0.862,2.313,0.00,NaN,NaN,-1,-1,NaN
2026-05-14 16:28:06.638,0.835,2.291,0.00,NaN,NaN,-1,-1,NaN
2026-05-14 16:28:07.639,0.835,2.291,0.00,NaN,NaN,-1,-1,NaN
2026-05-14 16:28:08.640,0.829,2.291,0.00,NaN,NaN,-1,-1,NaN
2026-05-14 16:28:09.640,0.829,2.291,0.00,NaN,NaN,-1,-1,NaN
2026-05-14 16:28:10.642,0.824,2.291,0.00,NaN,NaN,-1,-1,NaN
2026-05-14 16:28:11.643,0.829,2.291,0.00,NaN,NaN,-1,-1,NaN
2026-05-14 16:28:12.645,0.824,2.285,0.00,NaN,NaN,-1,-1,NaN
2026-05-14 16:28:13.646,0.824,2.285,0.00,NaN,NaN,-1,-1,NaN
2026-05-14 16:28:14.646,0.818,2.274,0.00,NaN,NaN,-1,-1,NaN
2026-05-14 16:28:15.647,0.824,2.285,0.00,NaN,NaN,-1,-1,NaN
2026-05-14 16:28:16.648,0.824,2.280,0.00,NaN,NaN,-1,-1,NaN
2026-05-14 16:28:17.648,0.824,2.296,0.00,NaN,NaN,-1,-1,NaN
2026-05-14 16:28:18.650,0.818,2.291,0.00,NaN,NaN,-1,-1,NaN
2026-05-14 16:28:19.650,0.813,2.291,0.00,NaN,NaN,-1,-1,NaN
2026-05-14 16:28:20.652,0.813,2.280,0.00,NaN,NaN,-1,-1,NaN
2026-05-14 16:28:21.653,0.840,2.324,0.00,NaN,NaN,-1,-1,NaN
2026-05-14 16:28:22.654,0.840,2.313,0.00,NaN,NaN,-1,-1,NaN
2026-05-14 16:28:23.655,0.846,2.302,0.00,NaN,NaN,-1,-1,NaN
2026-05-14 16:28:24.656,0.846,2.296,0.00,NaN,NaN,-1,-1,NaN
2026-05-14 16:28:25.657,0.851,2.291,0.00,NaN,NaN,-1,-1,NaN
2026-05-14 16:28:26.658,0.857,2.291,0.00,NaN,NaN,-1,-1,NaN
2026-05-14 16:28:27.660,0.857,2.291,0.00,NaN,NaN,-1,-1,NaN
2026-05-14 16:28:28.661,0.862,2.291,0.00,NaN,NaN,-1,-1,NaN
2026-05-14 16:28:29.662,0.862,2.291,0.00,NaN,NaN,-1,-1,NaN
2026-05-14 16:28:30.663,0.862,2.291,0.00,NaN,NaN,-1,-1,NaN
2026-05-14 16:28:31.664,0.862,2.291,0.00,NaN,NaN,-1,-1,NaN
2026-05-14 16:28:32.666,0.862,2.291,0.00,NaN,NaN,-1,-1,NaN
2026-05-14 16:28:33.666,0.868,2.291,0.00,NaN,NaN,-1,-1,NaN
2026-05-14 16:28:34.668,0.862,2.291,0.00,NaN,NaN,-1,-1,NaN
2026-05-14 16:28:35.669,0.862,2.291,0.00,NaN,NaN,-1,-1,NaN
2026-05-14 16:28:36.670,0.857,2.296,0.00,NaN,NaN,-1,-1,NaN
2026-05-14 16:28:37.671,0.840,2.285,0.00,NaN,NaN,-1,-1,NaN
2026-05-14 16:28:38.672,0.840,2.274,0.00,NaN,NaN,-1,-1,NaN
2026-05-14 16:28:39.674,0.840,2.274,0.00,NaN,NaN,-1,-1,NaN
2026-05-14 16:28:40.675,0.846,2.274,0.00,NaN,NaN,-1,-1,NaN
2026-05-14 16:28:41.676,0.829,2.258,0.00,NaN,NaN,-1,-1,NaN
2026-05-14 16:28:42.678,0.818,2.258,0.00,NaN,NaN,-1,-1,NaN
2026-05-14 16:28:43.679,0.813,2.252,0.00,NaN,NaN,-1,-1,NaN
2026-05-14 16:28:44.680,0.813,2.252,0.00,NaN,NaN,-1,-1,NaN
2026-05-14 16:28:45.681,0.846,2.219,0.00,NaN,NaN,-1,-1,NaN
2026-05-14 16:28:46.682,0.862,2.219,0.00,NaN,NaN,-1,-1,NaN
2026-05-14 16:28:47.683,0.868,2.214,0.00,NaN,NaN,-1,-1,NaN
2026-05-14 16:28:48.684,0.873,2.219,0.00,NaN,NaN,-1,-1,NaN
2026-05-14 16:28:49.685,0.879,2.214,0.00,NaN,NaN,-1,-1,NaN
2026-05-14 16:28:50.686,0.879,2.214,0.00,NaN,NaN,-1,-1,NaN
2026-05-14 16:28:51.687,0.884,2.214,0.00,NaN,NaN,-1,-1,NaN
2026-05-14 16:28:52.688,0.884,2.214,0.00,NaN,NaN,-1,-1,NaN
2026-05-14 16:28:53.690,0.890,2.214,0.00,NaN,NaN,-1,-1,NaN
2026-05-14 16:28:54.691,0.890,2.219,0.00,NaN,NaN,-1,-1,NaN
2026-05-14 16:28:55.692,0.895,2.219,0.00,NaN,NaN,-1,-1,NaN
2026-05-14 16:28:56.694,0.901,2.219,0.00,NaN,NaN,-1,-1,NaN
2026-05-14 16:28:57.695,0.906,2.230,0.00,NaN,NaN,-1,-1,NaN
2026-05-14 16:28:58.696,0.901,2.230,0.00,NaN,NaN,-1,-1,NaN
2026-05-14 16:28:59.697,0.901,2.236,0.00,NaN,NaN,-1,-1,NaN
2026-05-14 16:29:00.698,0.906,2.241,0.00,NaN,NaN,-1,-1,NaN
2026-05-14 16:29:01.699,0.901,2.236,0.00,NaN,NaN,-1,-1,NaN
2026-05-14 16:29:02.700,0.895,2.230,0.00,NaN,NaN,-1,-1,NaN
2026-05-14 16:29:03.702,0.857,2.214,0.00,NaN,NaN,-1,-1,NaN
2026-05-14 16:29:04.704,0.851,2.214,0.00,NaN,NaN,-1,-1,NaN
2026-05-14 16:29:05.705,0.835,2.197,0.00,NaN,NaN,-1,-1,NaN
2026-05-14 16:29:06.706,0.851,2.219,0.00,NaN,NaN,-1,-1,NaN
2026-05-14 16:29:07.707,0.862,2.214,0.00,NaN,NaN,-1,-1,NaN
2026-05-14 16:29:08.709,0.862,2.225,0.00,NaN,NaN,-1,-1,NaN
2026-05-14 16:29:09.710,0.879,2.230,0.00,NaN,NaN,-1,-1,NaN
2026-05-14 16:29:10.711,0.879,2.230,0.00,NaN,NaN,-1,-1,NaN
2026-05-14 16:29:11.713,0.884,2.230,0.00,NaN,NaN,-1,-1,NaN
2026-05-14 16:29:12.714,0.906,2.236,0.00,NaN,NaN,-1,-1,NaN
2026-05-14 16:29:13.715,0.906,2.241,0.00,NaN,NaN,-1,-1,NaN
2026-05-14 16:29:14.716,0.912,2.252,0.00,NaN,NaN,-1,-1,NaN
2026-05-14 16:29:15.716,0.917,2.258,0.00,NaN,NaN,-1,-1,NaN
2026-05-14 16:29:16.718,0.917,2.258,0.00,NaN,NaN,-1,-1,NaN
2026-05-14 16:29:17.718,0.912,2.258,0.00,NaN,NaN,-1,-1,NaN
2026-05-14 16:29:18.719,0.906,2.247,0.00,NaN,NaN,-1,-1,NaN
2026-05-14 16:29:19.720,0.906,2.258,0.00,NaN,NaN,-1,-1,NaN
2026-05-14 16:29:20.721,0.912,2.247,0.00,NaN,NaN,-1,-1,NaN
2026-05-14 16:29:21.721,0.912,2.241,0.00,NaN,NaN,-1,-1,NaN
2026-05-14 16:29:22.722,0.906,2.230,0.00,NaN,NaN,-1,-1,NaN
2026-05-14 16:29:23.723,0.912,2.230,0.00,NaN,NaN,-1,-1,NaN
2026-05-14 16:29:24.724,0.912,2.230,0.00,NaN,NaN,-1,-1,NaN
2026-05-14 16:29:25.725,0.912,2.241,0.00,NaN,NaN,-1,-1,NaN
2026-05-14 16:29:26.726,0.901,2.296,0.00,NaN,NaN,-1,-1,NaN
2026-05-14 16:29:27.727,0.912,2.274,0.00,NaN,NaN,-1,-1,NaN
2026-05-14 16:29:28.727,0.917,2.241,0.00,NaN,NaN,-1,-1,NaN
2026-05-14 16:29:29.729,0.923,2.230,0.00,NaN,NaN,-1,-1,NaN
2026-05-14 16:29:30.729,0.928,2.236,0.00,NaN,NaN,-1,-1,NaN
2026-05-14 16:29:31.730,0.928,2.247,0.00,NaN,NaN,-1,-1,NaN
2026-05-14 16:29:32.730,0.928,2.252,0.00,NaN,NaN,-1,-1,NaN
2026-05-14 16:29:33.731,0.923,2.247,0.00,NaN,NaN,-1,-1,NaN
2026-05-14 16:29:34.732,0.923,2.241,0.00,NaN,NaN,-1,-1,NaN
2026-05-14 16:29:35.732,0.923,2.252,0.00,NaN,NaN,-1,-1,NaN
2026-05-14 16:29:36.733,0.923,2.247,0.00,NaN,NaN,-1,-1,NaN
2026-05-14 16:29:37.737,0.923,2.247,0.00,0.0,NaN,-1,-1,0.0
2026-05-14 16:29:38.738,0.923,2.247,0.00,0.0,NaN,-1,-1,0.0
2026-05-14 16:29:39.739,0.923,2.241,0.00,0.0,NaN,-1,-1,0.0
2026-05-14 16:29:40.741,0.928,2.241,0.00,0.0,NaN,-1,-1,0.0
2026-05-14 16:29:41.742,0.928,2.241,0.00,0.0,NaN,-1,-1,0.0
2026-05-14 16:29:42.743,0.928,2.236,0.00,0.0,NaN,-1,-1,0.0
2026-05-14 16:29:43.743,0.928,2.236,0.00,0.0,NaN,-1,-1,0.0
2026-05-14 16:29:44.745,0.939,2.236,0.00,0.0,NaN,-1,-1,0.0
2026-05-14 16:29:45.746,0.939,2.236,0.00,0.0,NaN,-1,-1,0.0
2026-05-14 16:29:46.746,0.939,2.241,0.00,0.0,NaN,-1,-1,0.0
2026-05-14 16:29:47.748,0.934,2.236,0.00,0.0,NaN,-1,-1,0.0
2026-05-14 16:29:48.748,0.934,2.247,0.00,0.0,NaN,-1,-1,0.0
2026-05-14 16:29:49.750,0.934,2.247,0.00,0.0,NaN,-1,-1,0.0
2026-05-14 16:29:50.750,0.934,2.236,0.00,0.0,NaN,-1,-1,0.0
2026-05-14 16:29:51.751,0.923,2.236,0.00,0.0,NaN,-1,-1,0.0
2026-05-14 16:29:52.752,0.923,2.230,0.00,0.0,NaN,-1,-1,0.0
2026-05-14 16:29:53.753,0.928,2.230,0.00,0.0,NaN,-1,-1,0.0
2026-05-14 16:29:54.753,0.928,2.230,0.00,0.0,NaN,-1,-1,0.0
2026-05-14 16:29:55.754,0.923,2.230,0.00,0.0,NaN,-1,-1,0.0
2026-05-14 16:29:56.755,0.923,2.230,0.00,0.0,NaN,-1,-1,0.0
2026-05-14 16:29:57.756,0.923,2.230,0.00,0.0,NaN,-1,-1,0.0
2026-05-14 16:29:58.757,0.917,2.236,0.00,0.0,NaN,-1,-1,0.0
2026-05-14 16:29:59.757,0.923,2.241,0.00,0.0,NaN,-1,-1,0.0
2026-05-14 16:30:00.758,0.928,2.252,0.00,0.0,NaN,-1,-1,0.0
2026-05-14 16:30:01.759,0.873,2.291,0.00,0.0,NaN,-1,-1,0.0
2026-05-14 16:30:02.760,0.862,2.274,0.00,0.0,NaN,-1,-1,0.0
2026-05-14 16:30:03.761,0.879,2.263,0.00,0.0,NaN,-1,-1,0.0
2026-05-14 16:30:04.761,0.873,2.280,0.00,0.0,NaN,-1,-1,0.0
2026-05-14 16:30:05.763,0.873,2.274,0.00,0.0,NaN,-1,-1,0.0
2026-05-14 16:30:06.764,0.879,2.274,0.00,0.0,NaN,-1,-1,0.0
2026-05-14 16:30:07.765,0.879,2.274,0.00,0.0,NaN,-1,-1,0.0
2026-05-14 16:30:08.766,0.873,2.269,0.00,0.0,NaN,-1,-1,0.0
2026-05-14 16:30:09.766,0.884,2.274,0.00,0.0,NaN,-1,-1,0.0
2026-05-14 16:30:10.767,0.862,2.269,0.00,0.0,NaN,-1,-1,0.0
2026-05-14 16:30:11.768,0.851,2.258,0.00,0.0,NaN,-1,-1,0.0
2026-05-14 16:30:12.769,0.846,2.247,0.00,0.0,NaN,-1,-1,0.0
2026-05-14 16:30:13.770,0.835,2.236,0.00,0.0,NaN,-1,-1,0.0
2026-05-14 16:30:14.770,0.840,2.252,0.00,0.0,NaN,-1,-1,0.0
2026-05-14 16:30:15.772,0.840,2.247,0.00,0.0,NaN,-1,-1,0.0
2026-05-14 16:30:16.772,0.835,2.247,0.00,0.0,NaN,-1,-1,0.0
2026-05-14 16:30:17.773,0.840,2.269,0.00,0.0,NaN,-1,-1,0.0
2026-05-14 16:30:18.773,0.840,2.258,0.00,0.0,NaN,-1,-1,0.0
2026-05-14 16:30:19.775,0.829,2.247,0.00,0.0,NaN,-1,-1,0.0
2026-05-14 16:30:20.775,0.824,2.241,0.00,0.0,NaN,-1,-1,0.0
2026-05-14 16:30:21.776,0.824,2.241,0.00,0.0,NaN,-1,-1,0.0
2026-05-14 16:30:22.777,0.824,2.241,0.00,0.0,NaN,-1,-1,0.0
2026-05-14 16:30:23.779,0.824,2.247,0.00,0.0,NaN,-1,-1,0.0
2026-05-14 16:30:24.780,0.824,2.247,0.00,0.0,NaN,-1,-1,0.0
2026-05-14 16:30:25.781,0.818,2.241,0.00,0.0,NaN,-1,-1,0.0
2026-05-14 16:30:26.782,0.835,2.269,0.00,0.0,NaN,-1,-1,0.0
2026-05-14 16:30:27.784,0.840,2.263,0.00,0.0,NaN,-1,-1,0.0
2026-05-14 16:30:28.785,0.846,2.263,0.00,0.0,NaN,-1,-1,0.0
2026-05-14 16:30:29.786,0.840,2.258,0.00,0.0,NaN,-1,-1,0.0
2026-05-14 16:30:30.787,0.978,2.109,0.00,0.0,NaN,-1,-1,0.0
2026-05-14 16:30:31.788,1.016,2.115,0.00,0.0,NaN,-1,-1,0.0
2026-05-14 16:30:32.789,1.022,2.109,0.00,0.0,NaN,-1,-1,0.0
2026-05-14 16:30:33.790,1.033,2.098,0.00,0.0,NaN,-1,-1,0.0
2026-05-14 16:30:34.792,1.033,2.093,0.00,0.0,NaN,-1,-1,0.0
2026-05-14 16:30:35.792,1.033,2.093,0.00,0.0,NaN,-1,-1,0.0
2026-05-14 16:30:36.793,1.027,2.093,0.00,0.0,NaN,-1,-1,0.0
2026-05-14 16:30:37.795,1.027,2.087,0.00,0.0,NaN,-1,-1,0.0
2026-05-14 16:30:38.795,1.027,2.071,0.00,0.0,NaN,-1,-1,0.0
2026-05-14 16:30:39.796,1.027,2.071,0.00,0.0,NaN,-1,-1,0.0
2026-05-14 16:30:40.796,1.033,2.082,0.00,0.0,NaN,-1,-1,0.0
2026-05-14 16:30:41.797,1.038,2.076,0.00,0.0,NaN,-1,-1,0.0
2026-05-14 16:30:42.798,1.027,2.071,0.00,0.0,NaN,-1,-1,0.0
2026-05-14 16:30:43.798,1.038,2.065,0.00,0.0,NaN,-1,-1,0.0
2026-05-14 16:30:44.800,1.044,2.087,0.00,0.0,NaN,-1,-1,0.0
2026-05-14 16:30:45.800,1.049,2.093,0.00,0.0,NaN,-1,-1,0.0
2026-05-14 16:30:46.801,1.044,2.087,0.00,0.0,NaN,-1,-1,0.0
2026-05-14 16:30:47.803,1.033,2.087,0.00,0.0,NaN,-1,-1,0.0
2026-05-14 16:30:48.804,1.027,2.082,0.00,0.0,NaN,-1,-1,0.0
2026-05-14 16:30:49.805,1.033,2.076,0.00,0.0,NaN,-1,-1,0.0
2026-05-14 16:30:50.806,1.038,2.087,0.00,0.0,NaN,-1,-1,0.0
2026-05-14 16:30:51.807,1.038,2.104,0.00,0.0,NaN,-1,-1,0.0
2026-05-14 16:30:52.808,1.033,2.098,0.00,0.0,NaN,-1,-1,0.0
2026-05-14 16:30:53.809,1.033,2.098,0.00,0.0,NaN,-1,-1,0.0
2026-05-14 16:30:54.810,1.033,2.093,0.00,0.0,NaN,-1,-1,0.0
2026-05-14 16:30:55.811,1.033,2.093,0.00,0.0,NaN,-1,-1,0.0
2026-05-14 16:30:56.812,1.033,2.093,0.00,0.0,NaN,-1,-1,0.0
2026-05-14 16:30:57.813,1.033,2.087,0.00,0.0,NaN,-1,-1,0.0
2026-05-14 16:30:58.814,0.945,2.104,0.00,0.0,NaN,-1,-1,0.0
2026-05-14 16:30:59.815,0.939,2.098,0.00,0.0,NaN,-1,-1,0.0
2026-05-14 16:31:00.816,0.934,2.098,0.00,0.0,NaN,-1,-1,0.0
2026-05-14 16:31:01.817,0.928,2.087,0.00,0.0,NaN,-1,-1,0.0
2026-05-14 16:31:02.818,0.923,2.087,0.00,0.0,NaN,-1,-1,0.0
2026-05-14 16:31:03.819,0.917,2.082,0.00,0.0,NaN,-1,-1,0.0
2026-05-14 16:31:04.820,0.912,2.082,0.00,0.0,NaN,-1,-1,0.0
2026-05-14 16:31:05.821,0.906,2.082,0.00,0.0,NaN,-1,-1,0.0
2026-05-14 16:31:06.822,0.901,2.076,0.00,0.0,NaN,-1,-1,0.0
2026-05-14 16:31:07.823,0.901,2.076,0.00,0.0,NaN,-1,-1,0.0
2026-05-14 16:31:08.824,0.906,2.076,0.00,0.0,NaN,-1,-1,0.0
2026-05-14 16:31:09.826,0.906,2.076,0.00,0.0,NaN,-1,-1,0.0
2026-05-14 16:31:10.826,0.906,2.076,0.00,0.0,NaN,-1,-1,0.0
2026-05-14 16:31:11.827,0.906,2.076,0.00,0.0,NaN,-1,-1,0.0
2026-05-14 16:31:12.829,0.906,2.076,0.00,0.0,NaN,-1,-1,0.0
2026-05-14 16:31:13.829,0.901,2.076,0.00,0.0,NaN,-1,-1,0.0
2026-05-14 16:31:14.831,0.901,2.076,0.00,0.0,NaN,-1,-1,0.0
2026-05-14 16:31:15.832,0.901,2.076,0.00,0.0,NaN,-1,-1,0.0
2026-05-14 16:31:16.833,0.901,2.076,0.00,0.0,NaN,-1,-1,0.0
2026-05-14 16:31:17.834,0.901,2.076,0.00,0.0,NaN,-1,-1,0.0
2026-05-14 16:31:18.835,0.901,2.076,0.00,0.0,NaN,-1,-1,0.0
2026-05-14 16:31:19.836,0.895,2.093,0.00,0.0,NaN,-1,-1,0.0
2026-05-14 16:31:20.837,0.923,2.098,0.00,0.0,NaN,-1,-1,0.0
2026-05-14 16:31:21.838,0.934,2.098,0.00,0.0,NaN,-1,-1,0.0
2026-05-14 16:31:22.839,0.945,2.115,0.00,0.0,NaN,-1,-1,0.0
2026-05-14 16:31:23.840,0.945,2.115,0.00,0.0,NaN,-1,-1,0.0
2026-05-14 16:31:24.841,0.950,2.120,0.00,0.0,NaN,-1,-1,0.0
2026-05-14 16:31:25.842,0.950,2.098,0.00,0.0,NaN,-1,-1,0.0
2026-05-14 16:31:26.843,0.950,2.082,0.00,0.0,NaN,-1,-1,0.0
2026-05-14 16:31:27.845,0.956,2.087,0.00,0.0,NaN,-1,-1,0.0
2026-05-14 16:31:28.846,0.950,2.093,0.00,0.0,NaN,-1,-1,0.0
2026-05-14 16:31:29.847,0.950,2.098,0.00,0.0,NaN,-1,-1,0.0
2026-05-14 16:31:30.848,0.950,2.109,0.00,0.0,NaN,-1,-1,0.0
2026-05-14 16:31:31.848,0.950,2.104,0.00,0.0,NaN,-1,-1,0.0
2026-05-14 16:31:32.849,0.945,2.098,0.00,0.0,NaN,-1,-1,0.0
2026-05-14 16:31:33.850,0.945,2.076,0.00,0.0,NaN,-1,-1,0.0
2026-05-14 16:31:34.851,0.956,2.087,0.00,0.0,NaN,-1,-1,0.0
2026-05-14 16:31:35.852,0.950,2.093,0.00,0.0,NaN,-1,-1,0.0
2026-05-14 16:31:36.853,0.950,2.093,0.00,0.0,NaN,-1,-1,0.0
2026-05-14 16:31:37.854,0.956,2.098,0.00,0.0,NaN,-1,-1,0.0
2026-05-14 16:31:38.855,0.956,2.098,0.00,0.0,NaN,-1,-1,0.0
2026-05-14 16:31:39.856,0.928,2.126,0.00,0.0,NaN,-1,-1,0.0
2026-05-14 16:31:40.857,0.934,2.137,0.00,0.0,NaN,-1,-1,0.0
2026-05-14 16:31:41.857,0.939,2.131,0.00,0.0,NaN,-1,-1,0.0
2026-05-14 16:31:42.858,0.945,2.120,0.00,0.0,NaN,-1,-1,0.0
2026-05-14 16:31:43.859,0.928,2.109,0.00,0.0,NaN,-1,-1,0.0
2026-05-14 16:31:44.860,0.939,2.120,0.00,0.0,NaN,-1,-1,0.0
2026-05-14 16:31:45.861,0.939,2.115,0.00,0.0,NaN,-1,-1,0.0
2026-05-14 16:31:46.861,0.939,2.109,0.00,0.0,NaN,-1,-1,0.0
2026-05-14 16:31:47.862,0.906,2.109,0.00,0.0,NaN,-1,-1,0.0
2026-05-14 16:31:48.863,0.901,2.120,0.00,0.0,NaN,-1,-1,0.0
2026-05-14 16:31:49.864,0.901,2.120,0.00,0.0,NaN,-1,-1,0.0
2026-05-14 16:31:50.865,0.906,2.126,0.00,0.0,NaN,-1,-1,0.0
2026-05-14 16:31:51.867,0.906,2.126,0.00,0.0,NaN,-1,-1,0.0
2026-05-14 16:31:52.867,0.873,2.104,0.00,0.0,NaN,-1,-1,0.0
2026-05-14 16:31:53.867,0.895,2.148,0.00,0.0,NaN,-1,-1,0.0
2026-05-14 16:31:54.868,0.895,2.126,0.00,0.0,NaN,-1,-1,0.0
2026-05-14 16:31:55.870,0.901,2.126,0.00,0.0,NaN,-1,-1,0.0
2026-05-14 16:31:56.871,0.895,2.120,0.00,0.0,NaN,-1,-1,0.0
2026-05-14 16:31:57.871,0.890,2.115,0.00,0.0,NaN,-1,-1,0.0
2026-05-14 16:31:58.872,0.901,2.120,0.00,0.0,NaN,-1,-1,0.0
2026-05-14 16:31:59.873,0.890,2.115,0.00,0.0,NaN,-1,-1,0.0
2026-05-14 16:32:00.874,0.884,2.109,0.00,0.0,NaN,-1,-1,0.0
2026-05-14 16:32:01.875,0.873,2.104,0.00,0.0,NaN,-1,-1,0.0
2026-05-14 16:32:02.877,0.890,2.120,0.00,0.0,NaN,-1,-1,0.0
2026-05-14 16:32:03.877,0.884,2.109,0.00,0.0,NaN,-1,-1,0.0
2026-05-14 16:32:04.878,0.879,2.104,0.00,0.0,NaN,-1,-1,0.0
2026-05-14 16:32:05.879,0.879,2.131,0.00,0.0,NaN,-1,-1,0.0
2026-05-14 16:32:06.880,0.884,2.131,0.00,0.0,NaN,-1,-1,0.0
2026-05-14 16:32:07.881,0.862,2.120,0.00,0.0,NaN,-1,-1,0.0
2026-05-14 16:32:08.882,0.846,2.120,0.00,0.0,NaN,-1,-1,0.0
2026-05-14 16:32:09.884,0.851,2.115,0.00,0.0,NaN,-1,-1,0.0
2026-05-14 16:32:10.885,0.840,2.104,0.00,0.0,NaN,-1,-1,0.0
2026-05-14 16:32:11.887,0.851,2.104,0.00,0.0,NaN,-1,-1,0.0
2026-05-14 16:32:12.888,0.851,2.109,0.00,0.0,NaN,-1,-1,0.0
2026-05-14 16:32:13.889,0.851,2.109,0.00,0.0,NaN,-1,-1,0.0
2026-05-14 16:32:14.889,0.851,2.109,0.00,0.0,NaN,-1,-1,0.0
2026-05-14 16:32:15.890,0.857,2.109,0.00,0.0,NaN,-1,-1,0.0
2026-05-14 16:32:16.891,0.857,2.109,0.00,0.0,NaN,-1,-1,0.0
2026-05-14 16:32:17.893,0.857,2.109,0.00,0.0,NaN,-1,-1,0.0
2026-05-14 16:32:18.893,0.857,2.109,0.00,0.0,NaN,-1,-1,0.0
2026-05-14 16:32:19.895,0.857,2.109,0.00,0.0,NaN,-1,-1,0.0
2026-05-14 16:32:20.896,0.857,2.109,0.00,0.0,NaN,-1,-1,0.0
2026-05-14 16:32:21.896,0.857,2.109,0.00,0.0,NaN,-1,-1,0.0
2026-05-14 16:32:22.897,0.851,2.098,0.00,0.0,NaN,-1,-1,0.0
2026-05-14 16:32:23.898,0.851,2.093,0.00,0.0,NaN,-1,-1,0.0
2026-05-14 16:32:24.898,0.846,2.087,0.00,0.0,NaN,-1,-1,0.0
2026-05-14 16:32:25.899,0.846,2.087,0.00,0.0,NaN,-1,-1,0.0
2026-05-14 16:32:26.900,0.857,2.109,0.00,0.0,NaN,-1,-1,0.0
2026-05-14 16:32:27.901,0.862,2.115,0.00,0.0,NaN,-1,-1,0.0
2026-05-14 16:32:28.903,0.862,2.109,0.00,0.0,NaN,-1,-1,0.0
2026-05-14 16:32:29.904,0.868,2.104,0.00,0.0,NaN,-1,-1,0.0
2026-05-14 16:32:30.905,0.873,2.104,0.00,0.0,NaN,-1,-1,0.0
2026-05-14 16:32:31.906,0.884,2.104,0.00,0.0,NaN,-1,-1,0.0
2026-05-14 16:32:32.907,0.890,2.109,0.00,0.0,NaN,-1,-1,0.0
2026-05-14 16:32:33.907,0.890,2.109,0.00,0.0,NaN,-1,-1,0.0
2026-05-14 16:32:34.908,0.890,2.104,0.00,0.0,NaN,-1,-1,0.0
2026-05-14 16:32:35.908,0.884,2.104,0.00,0.0,NaN,-1,-1,0.0
2026-05-14 16:32:36.909,0.884,2.104,0.00,0.0,NaN,-1,-1,0.0
2026-05-14 16:32:37.910,0.884,2.098,0.00,0.0,NaN,-1,-1,0.0
2026-05-14 16:32:38.910,0.884,2.093,0.00,0.0,NaN,-1,-1,0.0
2026-05-14 16:32:39.912,0.879,2.093,0.00,0.0,NaN,-1,-1,0.0
2026-05-14 16:32:40.913,0.884,2.087,0.00,0.0,NaN,-1,-1,0.0
2026-05-14 16:32:41.915,0.890,2.093,0.00,0.0,NaN,-1,-1,0.0
2026-05-14 16:32:42.915,0.895,2.098,0.00,0.0,NaN,-1,-1,0.0
2026-05-14 16:32:43.917,0.895,2.104,0.00,0.0,NaN,-1,-1,0.0
2026-05-14 16:32:44.917,0.906,2.104,0.00,0.0,NaN,-1,-1,0.0
2026-05-14 16:32:45.919,0.906,2.093,0.00,0.0,NaN,-1,-1,0.0
2026-05-14 16:32:46.920,0.895,2.076,0.00,0.0,NaN,-1,-1,0.0
2026-05-14 16:32:47.921,0.895,2.093,0.00,0.0,NaN,-1,-1,0.0
2026-05-14 16:32:48.921,0.901,2.098,0.00,0.0,NaN,-1,-1,0.0
2026-05-14 16:32:49.922,0.906,2.104,0.00,0.0,NaN,-1,-1,0.0
2026-05-14 16:32:50.922,0.906,2.115,0.00,0.0,NaN,-1,-1,0.0
2026-05-14 16:32:51.923,0.912,2.120,0.00,0.0,NaN,-1,-1,0.0
2026-05-14 16:32:52.923,0.917,2.126,0.00,0.0,NaN,-1,-1,0.0
2026-05-14 16:32:53.925,0.912,2.115,0.00,0.0,NaN,-1,-1,0.0
2026-05-14 16:32:54.926,0.912,2.104,0.00,0.0,NaN,-1,-1,0.0
2026-05-14 16:32:55.927,0.890,2.093,0.00,0.0,NaN,-1,-1,0.0
2026-05-14 16:32:56.928,0.879,2.082,0.00,0.0,NaN,-1,-1,0.0
2026-05-14 16:32:57.929,0.873,2.076,0.00,0.0,NaN,-1,-1,0.0
2026-05-14 16:32:58.930,0.868,2.071,0.00,0.0,NaN,-1,-1,0.0
2026-05-14 16:32:59.931,0.868,2.076,0.00,0.0,NaN,-1,-1,0.0
2026-05-14 16:33:00.932,0.868,2.082,0.00,0.0,NaN,-1,-1,0.0
2026-05-14 16:33:01.932,0.868,2.087,0.00,0.0,NaN,-1,-1,0.0
2026-05-14 16:33:02.933,0.868,2.087,0.00,0.0,NaN,-1,-1,0.0
2026-05-14 16:33:03.934,0.862,2.087,0.00,0.0,NaN,-1,-1,0.0
2026-05-14 16:33:04.935,0.862,2.087,0.00,0.0,NaN,-1,-1,0.0
2026-05-14 16:33:05.936,0.862,2.087,0.00,0.0,NaN,-1,-1,0.0
2026-05-14 16:33:06.937,0.862,2.082,0.00,0.0,NaN,-1,-1,0.0
2026-05-14 16:33:07.937,0.862,2.076,0.00,0.0,NaN,-1,-1,0.0
2026-05-14 16:33:08.938,0.862,2.076,0.00,0.0,NaN,-1,-1,0.0
2026-05-14 16:33:09.939,0.857,2.021,0.00,0.0,NaN,-1,-1,0.0
2026-05-14 16:33:10.939,0.857,2.032,0.00,0.0,NaN,-1,-1,0.0
2026-05-14 16:33:11.939,0.857,2.043,0.00,0.0,NaN,-1,-1,0.0
2026-05-14 16:33:12.940,1.022,0.000,0.00,0.0,NaN,-1,-1,0.0
2026-05-14 16:33:13.941,1.247,1.813,0.00,0.0,NaN,-1,-1,0.0
2026-05-14 16:33:14.942,1.296,1.835,0.00,0.0,NaN,-1,-1,0.0
2026-05-14 16:33:15.943,1.016,1.835,0.00,0.0,NaN,-1,-1,0.0
2026-05-14 16:33:16.943,1.033,1.835,0.00,0.0,NaN,-1,-1,0.0
2026-05-14 16:33:17.944,0.967,1.835,0.00,0.0,NaN,-1,-1,0.0
2026-05-14 16:33:18.945,0.961,1.835,0.00,0.0,NaN,-1,-1,0.0
2026-05-14 16:33:19.945,0.961,1.835,0.00,0.0,NaN,-1,-1,0.0
2026-05-14 16:33:20.947,0.945,1.835,0.00,0.0,NaN,-1,-1,0.0
2026-05-14 16:33:21.948,0.923,1.835,0.00,0.0,NaN,-1,-1,0.0
